{"cameraMode":{"drawMode":0,"name":"Shaded","section":"Shading Mode"},"sceneLighting":true,"audioPlay":false,"sceneViewState":{"m_AlwaysRefresh":false,"showFog":true,"showSkybox":true,"showFlares":true,"showImageEffects":true,"showParticleSystems":true,"showVisualEffectGraphs":true,"m_FxEnabled":true},"in2DMode":false,"pivot":{"x":95.48523712158203,"y":28.27008819580078,"z":62.980892181396487},"rotation":{"x":0.13425791263580323,"y":-0.3687671422958374,"z":-0.05392057076096535,"w":-0.9181957840919495},"size":0.0003109835088253021,"orthographic":false}